{
    "header": [
        " *   ",
        " *   如非需要调试，本文件可删除",
        " *   非专业人员可将本文件删除",
        " *   详细介绍请参考: https://bazhan.wang/faq#INFO-JSON",
        " *   "
    ],
    "resources": [
        {
            "url": "http://shenzhen7.fangcms.cn/changfcz/changfangchuzu.html",
            "path": "index.html",
            "saved": true,
            "size": 50687,
            "children": [
                {
                    "url": "http://shenzhen7.fangcms.cn/template/default/pc/skin/images/lxfs_01.jpg",
                    "path": "img/lxfs_01.jpeg",
                    "saved": true,
                    "size": 3258
                },
                {
                    "url": "http://shenzhen7.fangcms.cn/uploads/allimg/20191011/1-1910111A214110.jpg",
                    "path": "img/1-1910111A214110.jpeg",
                    "saved": true,
                    "size": 51062
                },
                {
                    "url": "http://shenzhen7.fangcms.cn/uploads/allimg/20191011/1-191011115322C1.png",
                    "path": "img/1-191011115322C1.png",
                    "saved": true,
                    "size": 7101
                },
                {
                    "url": "http://shenzhen7.fangcms.cn/template/default/pc/skin/images/close.gif",
                    "path": "img/close.gif",
                    "saved": true,
                    "size": 116
                },
                {
                    "url": "http://shenzhen7.fangcms.cn/template/default/pc/skin/images/wx800.gif",
                    "path": "img/wx800.gif",
                    "saved": true,
                    "size": 2323
                },
                {
                    "url": "http://shenzhen7.fangcms.cn/template/default/pc/skin/js/jquery00.js",
                    "path": "js/jquery00.js",
                    "saved": true,
                    "size": 72174
                },
                {
                    "url": "http://shenzhen7.fangcms.cn/template/default/pc/skin/js/switchimage.js",
                    "path": "js/switchimage.js",
                    "saved": true,
                    "size": 2229
                },
                {
                    "url": "http://shenzhen7.fangcms.cn/template/default/pc/skin/js/jquery.js",
                    "path": "js/jquery.js",
                    "saved": true,
                    "size": 72174
                },
                {
                    "url": "http://shenzhen7.fangcms.cn/template/default/pc/skin/js/szgg_lunbo.js",
                    "path": "js/szgg_lunbo.js",
                    "saved": true,
                    "size": 4142
                },
                {
                    "url": "http://shenzhen7.fangcms.cn/template/default/pc/skin/js/common.js",
                    "path": "js/common.js",
                    "saved": true,
                    "size": 9789
                },
                {
                    "url": "http://shenzhen7.fangcms.cn/template/default/pc/skin/js/szlist.js",
                    "path": "js/szlist.js",
                    "saved": true,
                    "size": 7182
                },
                {
                    "url": "http://shenzhen7.fangcms.cn/template/default/pc/skin/js/allszheader.js",
                    "path": "js/allszheader.js",
                    "saved": true,
                    "size": 3433
                },
                {
                    "url": "http://shenzhen7.fangcms.cn/template/default/pc/skin/js/allszlist.js",
                    "path": "js/allszlist.js",
                    "saved": true,
                    "size": 3754
                },
                {
                    "url": "http://shenzhen7.fangcms.cn/template/default/pc/skin/js/uaredirect.js",
                    "path": "js/uaredirect.js",
                    "saved": true,
                    "size": 824
                },
                {
                    "url": "http://shenzhen7.fangcms.cn/public/static/common/js/tag_user.js?v=v3.9.0",
                    "path": "js/tag_user.js",
                    "saved": true,
                    "size": 9676
                },
                {
                    "url": "http://shenzhen7.fangcms.cn/template/default/pc/skin/js/jquery.js?t=1611905168",
                    "path": "js/jquery_1.js",
                    "saved": true,
                    "size": 72174
                },
                {
                    "url": "http://shenzhen7.fangcms.cn/template/default/pc/skin/js/index_allszheader.js?t=1611905168",
                    "path": "js/index_allszheader.js",
                    "saved": true,
                    "size": 3433
                },
                {
                    "url": "http://shenzhen7.fangcms.cn/public/plugins/layer-v3.1.0/layer.js?v=v3.9.0",
                    "path": "js/layer.js",
                    "saved": true,
                    "size": 21987,
                    "children": [
                        {
                            "url": "http://shenzhen7.fangcms.cn/public/plugins/layer-v3.1.0/skin/layer.css",
                            "saved": false
                        },
                        {
                            "url": "http://shenzhen7.fangcms.cn/public/plugins/layer-v3.1.0/skin/default/layer.css",
                            "saved": false
                        }
                    ]
                },
                {
                    "url": "http://shenzhen7.fangcms.cn/template/default/pc/skin/css/reset_1.css",
                    "path": "css/reset_1.css",
                    "saved": true,
                    "size": 11037,
                    "children": [
                        {
                            "url": "http://shenzhen7.fangcms.cn/template/default/pc/skin/images/dot01.gif",
                            "path": "img/dot01.gif",
                            "saved": true,
                            "size": 4551
                        }
                    ]
                },
                {
                    "url": "http://shenzhen7.fangcms.cn/template/default/pc/skin/css/index_1.css",
                    "path": "css/index_1.css",
                    "saved": true,
                    "size": 20682,
                    "children": [
                        {
                            "url": "http://shenzhen7.fangcms.cn/template/default/pc/skin/images/home4_02.jpg",
                            "path": "img/home4_02.jpg",
                            "saved": true,
                            "size": 1229
                        },
                        {
                            "url": "http://shenzhen7.fangcms.cn/template/default/pc/skin/images/zx_icons.jpg",
                            "path": "img/zx_icons.jpg",
                            "saved": true,
                            "size": 6589
                        },
                        {
                            "url": "http://shenzhen7.fangcms.cn/template/default/pc/skin/images/zcficon.png",
                            "path": "img/zcficon.png",
                            "saved": true,
                            "size": 1292
                        },
                        {
                            "url": "http://shenzhen7.fangcms.cn/template/default/pc/skin/images/li_on.png",
                            "path": "img/li_on.png",
                            "saved": true,
                            "size": 4551
                        },
                        {
                            "url": "http://shenzhen7.fangcms.cn/template/default/pc/skin/images/li_off.png",
                            "path": "img/li_off.png",
                            "saved": true,
                            "size": 4551
                        },
                        {
                            "url": "http://shenzhen7.fangcms.cn/template/default/pc/skin/images/home4_102.jpg",
                            "path": "img/home4_102.jpg",
                            "saved": true,
                            "size": 4551
                        },
                        {
                            "url": "http://shenzhen7.fangcms.cn/template/default/pc/skin/images/home44_03.jpg",
                            "path": "img/home44_03.jpg",
                            "saved": true,
                            "size": 1371
                        },
                        {
                            "url": "http://shenzhen7.fangcms.cn/template/default/pc/skin/images/home4_111.jpg",
                            "path": "img/home4_111.jpg",
                            "saved": true,
                            "size": 4551
                        },
                        {
                            "url": "http://shenzhen7.fangcms.cn/template/default/pc/skin/images/home4_109.jpg",
                            "path": "img/home4_109.jpg",
                            "saved": true,
                            "size": 1453
                        },
                        {
                            "url": "http://shenzhen7.fangcms.cn/template/default/pc/skin/images/gqhd.jpg",
                            "path": "img/gqhd.jpg",
                            "saved": true,
                            "size": 180303
                        },
                        {
                            "url": "http://shenzhen7.fangcms.cn/template/default/pc/skin/images/gqhd01.jpg",
                            "path": "img/gqhd01.jpg",
                            "saved": true,
                            "size": 183308
                        },
                        {
                            "url": "http://shenzhen7.fangcms.cn/template/default/pc/skin/images/gqhd_bg.jpg",
                            "path": "img/gqhd_bg.jpg",
                            "saved": true,
                            "size": 266240
                        },
                        {
                            "url": "http://shenzhen7.fangcms.cn/template/default/pc/skin/images/huiyd.png",
                            "path": "img/huiyd.png",
                            "saved": true,
                            "size": 4551
                        },
                        {
                            "url": "http://shenzhen7.fangcms.cn/template/default/pc/skin/images/redyd.png",
                            "path": "img/redyd.png",
                            "saved": true,
                            "size": 4551
                        },
                        {
                            "url": "http://shenzhen7.fangcms.cn/template/default/pc/skin/images/tjyq_jianbian.png",
                            "path": "img/tjyq_jianbian.png",
                            "saved": true,
                            "size": 1091
                        },
                        {
                            "url": "http://shenzhen7.fangcms.cn/template/default/pc/skin/images/hx_right.png",
                            "path": "img/hx_right.png",
                            "saved": true,
                            "size": 1102
                        }
                    ]
                },
                {
                    "url": "http://shenzhen7.fangcms.cn/template/default/pc/skin/css/szlist.css",
                    "path": "css/szlist.css",
                    "saved": true,
                    "size": 50971,
                    "children": [
                        {
                            "url": "http://shenzhen7.fangcms.cn/template/default/pc/skin/images/add_bg.jpg",
                            "path": "img/add_bg.jpg",
                            "saved": true,
                            "size": 316
                        },
                        {
                            "url": "http://shenzhen7.fangcms.cn/template/default/pc/skin/images/l_bqdingwei1.png",
                            "path": "img/l_bqdingwei1.png",
                            "saved": true,
                            "size": 1140
                        },
                        {
                            "url": "http://shenzhen7.fangcms.cn/template/default/pc/skin/images/tab_bg.jpg",
                            "path": "img/tab_bg.jpg",
                            "saved": true,
                            "size": 18110
                        },
                        {
                            "url": "http://shenzhen7.fangcms.cn/template/default/pc/skin/images/tab_name.jpg",
                            "path": "img/tab_name.jpg",
                            "saved": true,
                            "size": 431
                        },
                        {
                            "url": "http://shenzhen7.fangcms.cn/template/default/pc/skin/images/tab_phone.jpg",
                            "path": "img/tab_phone.jpg",
                            "saved": true,
                            "size": 456
                        },
                        {
                            "url": "http://shenzhen7.fangcms.cn/template/default/pc/skin/images/tab_but.png",
                            "path": "img/tab_but.png",
                            "saved": true,
                            "size": 4452
                        },
                        {
                            "url": "http://shenzhen7.fangcms.cn/template/default/pc/skin/images/redline.jpg",
                            "path": "img/redline.jpg",
                            "saved": true,
                            "size": 296
                        },
                        {
                            "url": "http://shenzhen7.fangcms.cn/template/default/pc/skin/images/huanyihuan.jpg",
                            "path": "img/huanyihuan.jpg",
                            "saved": true,
                            "size": 562
                        },
                        {
                            "url": "http://shenzhen7.fangcms.cn/template/default/pc/skin/images/rm_yy.png",
                            "path": "img/rm_yy.png",
                            "saved": true,
                            "size": 1202
                        },
                        {
                            "url": "http://shenzhen7.fangcms.cn/template/default/pc/skin/images/jjr_rz.png",
                            "path": "img/jjr_rz.png",
                            "saved": true,
                            "size": 1236
                        },
                        {
                            "url": "http://shenzhen7.fangcms.cn/template/default/pc/skin/images/jjr_icon1.jpg",
                            "path": "img/jjr_icon1.jpg",
                            "saved": true,
                            "size": 741
                        },
                        {
                            "url": "http://shenzhen7.fangcms.cn/template/default/pc/skin/images/jjr_icon2.jpg",
                            "path": "img/jjr_icon2.jpg",
                            "saved": true,
                            "size": 714
                        },
                        {
                            "url": "http://shenzhen7.fangcms.cn/template/default/pc/skin/images/jjr_icon3.jpg",
                            "path": "img/jjr_icon3.jpg",
                            "saved": true,
                            "size": 763
                        },
                        {
                            "url": "http://shenzhen7.fangcms.cn/template/default/pc/skin/images/jjr_icon4.jpg",
                            "path": "img/jjr_icon4.jpg",
                            "saved": true,
                            "size": 716
                        },
                        {
                            "url": "http://shenzhen7.fangcms.cn/template/default/pc/skin/images/more_jt.jpg",
                            "path": "img/more_jt.jpg",
                            "saved": true,
                            "size": 381
                        },
                        {
                            "url": "http://shenzhen7.fangcms.cn/template/default/pc/skin/images/l_tit1.jpg",
                            "path": "img/l_tit1.jpg",
                            "saved": true,
                            "size": 830
                        },
                        {
                            "url": "http://shenzhen7.fangcms.cn/template/default/pc/skin/images/l_tit2.jpg",
                            "path": "img/l_tit2.jpg",
                            "saved": true,
                            "size": 928
                        },
                        {
                            "url": "http://shenzhen7.fangcms.cn/template/default/pc/skin/images/l_tit3.jpg",
                            "path": "img/l_tit3.jpg",
                            "saved": true,
                            "size": 934
                        },
                        {
                            "url": "http://shenzhen7.fangcms.cn/template/default/pc/skin/images/l_tit4.jpg",
                            "path": "img/l_tit4.jpg",
                            "saved": true,
                            "size": 902
                        },
                        {
                            "url": "http://shenzhen7.fangcms.cn/template/default/pc/skin/images/l_tit5.jpg",
                            "path": "img/l_tit5.jpg",
                            "saved": true,
                            "size": 918
                        },
                        {
                            "url": "http://shenzhen7.fangcms.cn/template/default/pc/skin/images/l_tit6.jpg",
                            "path": "img/l_tit6.jpg",
                            "saved": true,
                            "size": 928
                        },
                        {
                            "url": "http://shenzhen7.fangcms.cn/template/default/pc/skin/images/l_tit7.jpg",
                            "path": "img/l_tit7.jpg",
                            "saved": true,
                            "size": 885
                        },
                        {
                            "url": "http://shenzhen7.fangcms.cn/template/default/pc/skin/images/l_tit8.jpg",
                            "path": "img/l_tit8.jpg",
                            "saved": true,
                            "size": 991
                        },
                        {
                            "url": "http://shenzhen7.fangcms.cn/template/default/pc/skin/images/lanmu_phone.jpg",
                            "path": "img/lanmu_phone.jpg",
                            "saved": true,
                            "size": 735
                        },
                        {
                            "url": "http://shenzhen7.fangcms.cn/template/default/pc/skin/images/lanmu_yy.jpg",
                            "path": "img/lanmu_yy.jpg",
                            "saved": true,
                            "size": 442
                        },
                        {
                            "url": "http://shenzhen7.fangcms.cn/template/default/pc/skin/images/red_kuai.jpg",
                            "path": "img/red_kuai.jpg",
                            "saved": true,
                            "size": 288
                        },
                        {
                            "url": "http://shenzhen7.fangcms.cn/template/default/pc/skin/images/bq_bg.jpg",
                            "path": "img/bq_bg.jpg",
                            "saved": true,
                            "size": 371
                        },
                        {
                            "url": "http://shenzhen7.fangcms.cn/template/default/pc/skin/images/jjr_rz.jpg",
                            "path": "img/jjr_rz.jpg",
                            "saved": true,
                            "size": 522
                        },
                        {
                            "url": "http://shenzhen7.fangcms.cn/template/default/pc/skin/images/r_yuandian.jpg",
                            "path": "img/r_yuandian.jpg",
                            "saved": true,
                            "size": 344
                        },
                        {
                            "url": "http://shenzhen7.fangcms.cn/template/default/pc/skin/images/bq_top.jpg",
                            "path": "img/bq_top.jpg",
                            "saved": true,
                            "size": 714
                        },
                        {
                            "url": "http://shenzhen7.fangcms.cn/template/default/pc/skin/images/bq_bottom.jpg",
                            "path": "img/bq_bottom.jpg",
                            "saved": true,
                            "size": 482
                        },
                        {
                            "url": "http://shenzhen7.fangcms.cn/template/default/pc/skin/images/bq_line.jpg",
                            "path": "img/bq_line.jpg",
                            "saved": true,
                            "size": 394
                        },
                        {
                            "url": "http://shenzhen7.fangcms.cn/template/default/pc/skin/images/zuocesq_c.png",
                            "path": "img/zuocesq_c.png",
                            "saved": true,
                            "size": 1404
                        },
                        {
                            "url": "http://shenzhen7.fangcms.cn/template/default/pc/skin/images/mbxie.jpg",
                            "path": "img/mbxie.jpg",
                            "saved": true,
                            "size": 413
                        },
                        {
                            "url": "http://shenzhen7.fangcms.cn/template/default/pc/skin/images/ssk_xiala.jpg",
                            "path": "img/ssk_xiala.jpg",
                            "saved": true,
                            "size": 1410
                        },
                        {
                            "url": "http://shenzhen7.fangcms.cn/template/default/pc/skin/images/ssk_shouqi.jpg",
                            "path": "img/ssk_shouqi.jpg",
                            "saved": true,
                            "size": 1503
                        },
                        {
                            "url": "http://shenzhen7.fangcms.cn/template/default/pc/skin/images/xq_shizhong.jpg",
                            "path": "img/xq_shizhong.jpg",
                            "saved": true,
                            "size": 420
                        },
                        {
                            "url": "http://shenzhen7.fangcms.cn/template/default/pc/skin/images/xq_hongpho.jpg",
                            "path": "img/xq_hongpho.jpg",
                            "saved": true,
                            "size": 1749
                        },
                        {
                            "url": "http://shenzhen7.fangcms.cn/template/default/pc/skin/images/xq_menuicon.jpg",
                            "path": "img/xq_menuicon.jpg",
                            "saved": true,
                            "size": 801
                        },
                        {
                            "url": "http://shenzhen7.fangcms.cn/template/default/pc/skin/images/xq_menuicon1.jpg",
                            "path": "img/xq_menuicon1.jpg",
                            "saved": true,
                            "size": 732
                        },
                        {
                            "url": "http://shenzhen7.fangcms.cn/template/default/pc/skin/images/xq_menuicon2.jpg",
                            "path": "img/xq_menuicon2.jpg",
                            "saved": true,
                            "size": 15050
                        },
                        {
                            "url": "http://shenzhen7.fangcms.cn/template/default/pc/skin/images/xq_djbicon.jpg",
                            "path": "img/xq_djbicon.jpg",
                            "saved": true,
                            "size": 1080
                        },
                        {
                            "url": "http://shenzhen7.fangcms.cn/template/default/pc/skin/images/xq_djbarrow.jpg",
                            "path": "img/xq_djbarrow.jpg",
                            "saved": true,
                            "size": 8001
                        },
                        {
                            "url": "http://shenzhen7.fangcms.cn/template/default/pc/skin/images/xq_djbbut.jpg",
                            "path": "img/xq_djbbut.jpg",
                            "saved": true,
                            "size": 16677
                        },
                        {
                            "url": "http://shenzhen7.fangcms.cn/template/default/pc/skin/images/xq_jjricon6.jpg",
                            "path": "img/xq_jjricon6.jpg",
                            "saved": true,
                            "size": 617
                        },
                        {
                            "url": "http://shenzhen7.fangcms.cn/template/default/pc/skin/images/xq_jjricon7.jpg",
                            "path": "img/xq_jjricon7.jpg",
                            "saved": true,
                            "size": 451
                        },
                        {
                            "url": "http://shenzhen7.fangcms.cn/template/default/pc/skin/images/xq_jjryinying.jpg",
                            "path": "img/xq_jjryinying.jpg",
                            "saved": true,
                            "size": 443
                        },
                        {
                            "url": "http://shenzhen7.fangcms.cn/template/default/pc/skin/images/xq_rtitbg.jpg",
                            "path": "img/xq_rtitbg.jpg",
                            "saved": true,
                            "size": 321
                        },
                        {
                            "url": "http://shenzhen7.fangcms.cn/template/default/pc/skin/images/l_bqdingwei.png",
                            "path": "img/l_bqdingwei.png",
                            "saved": true,
                            "size": 1104
                        },
                        {
                            "url": "http://shenzhen7.fangcms.cn/template/default/pc/skin/images/xq_bqyinying.jpg",
                            "path": "img/xq_bqyinying.jpg",
                            "saved": true,
                            "size": 516
                        },
                        {
                            "url": "http://shenzhen7.fangcms.cn/template/default/pc/skin/images/bq_top1.jpg",
                            "path": "img/bq_top1.jpg",
                            "saved": true,
                            "size": 1828
                        },
                        {
                            "url": "http://shenzhen7.fangcms.cn/template/default/pc/skin/images/bq_bottom1.jpg",
                            "path": "img/bq_bottom1.jpg",
                            "saved": true,
                            "size": 1493
                        },
                        {
                            "url": "http://shenzhen7.fangcms.cn/template/default/pc/skin/images/list2_icopho.jpg",
                            "path": "img/list2_icopho.jpg",
                            "saved": true,
                            "size": 381
                        },
                        {
                            "url": "http://shenzhen7.fangcms.cn/template/default/pc/skin/images/px_lb01.png",
                            "path": "img/px_lb01.png",
                            "saved": true,
                            "size": 950
                        },
                        {
                            "url": "http://shenzhen7.fangcms.cn/template/default/pc/skin/images/px_dt01.png",
                            "path": "img/px_dt01.png",
                            "saved": true,
                            "size": 950
                        },
                        {
                            "url": "http://shenzhen7.fangcms.cn/template/default/pc/skin/images/px_bt01.png",
                            "path": "img/px_bt01.png",
                            "saved": true,
                            "size": 938
                        },
                        {
                            "url": "http://shenzhen7.fangcms.cn/template/default/pc/skin/images/jrgx_ioc.jpg",
                            "path": "img/jrgx_ioc.jpg",
                            "saved": true,
                            "size": 966
                        },
                        {
                            "url": "http://shenzhen7.fangcms.cn/template/default/pc/skin/images/sousuobg.png",
                            "path": "img/sousuobg.png",
                            "saved": true,
                            "size": 45452
                        },
                        {
                            "url": "http://shenzhen7.fangcms.cn/template/default/pc/skin/images/sousuok_pers.jpg",
                            "path": "img/sousuok_pers.jpg",
                            "saved": true,
                            "size": 460
                        },
                        {
                            "url": "http://shenzhen7.fangcms.cn/template/default/pc/skin/images/sousuok_phone.jpg",
                            "path": "img/sousuok_phone.jpg",
                            "saved": true,
                            "size": 430
                        },
                        {
                            "url": "http://shenzhen7.fangcms.cn/template/default/pc/skin/images/sz_searchinput.jpg",
                            "path": "img/sz_searchinput.jpg",
                            "saved": true,
                            "size": 1438
                        },
                        {
                            "url": "http://shenzhen7.fangcms.cn/template/default/pc/skin/images/sz_searchbut.jpg",
                            "path": "img/sz_searchbut.jpg",
                            "saved": true,
                            "size": 2672
                        },
                        {
                            "url": "http://shenzhen7.fangcms.cn/template/default/pc/skin/images/sousuo_laba.jpg",
                            "path": "img/sousuo_laba.jpg",
                            "saved": true,
                            "size": 488
                        },
                        {
                            "url": "http://shenzhen7.fangcms.cn/template/default/pc/skin/images/sz_searchline.jpg",
                            "path": "img/sz_searchline.jpg",
                            "saved": true,
                            "size": 296
                        },
                        {
                            "url": "http://shenzhen7.fangcms.cn/template/default/pc/skin/images/sousuo_hjt.jpg",
                            "path": "img/sousuo_hjt.jpg",
                            "saved": true,
                            "size": 382
                        },
                        {
                            "url": "http://shenzhen7.fangcms.cn/template/default/pc/skin/images/sousuo_rmsq.jpg",
                            "path": "img/sousuo_rmsq.jpg",
                            "saved": true,
                            "size": 575
                        },
                        {
                            "url": "http://shenzhen7.fangcms.cn/template/default/pc/skin/images/sz_titico.jpg",
                            "path": "img/sz_titico.jpg",
                            "saved": true,
                            "size": 370
                        },
                        {
                            "url": "http://shenzhen7.fangcms.cn/template/default/pc/skin/images/sz_gdjt.jpg",
                            "path": "img/sz_gdjt.jpg",
                            "saved": true,
                            "size": 315
                        },
                        {
                            "url": "http://shenzhen7.fangcms.cn/template/default/pc/skin/images/sz_gdjt01.jpg",
                            "path": "img/sz_gdjt01.jpg",
                            "saved": true,
                            "size": 350
                        },
                        {
                            "url": "http://shenzhen7.fangcms.cn/template/default/pc/skin/images/gray_kuai.jpg",
                            "path": "img/gray_kuai.jpg",
                            "saved": true,
                            "size": 283
                        },
                        {
                            "url": "http://shenzhen7.fangcms.cn/template/default/pc/skin/images/red_dingwei.jpg",
                            "path": "img/red_dingwei.jpg",
                            "saved": true,
                            "size": 607
                        },
                        {
                            "url": "http://shenzhen7.fangcms.cn/template/default/pc/skin/images/hui_fx.jpg",
                            "path": "img/hui_fx.jpg",
                            "saved": true,
                            "size": 447
                        },
                        {
                            "url": "http://shenzhen7.fangcms.cn/template/default/pc/skin/images/cfjxline.jpg",
                            "path": "img/cfjxline.jpg",
                            "saved": true,
                            "size": 722
                        },
                        {
                            "url": "http://shenzhen7.fangcms.cn/template/default/pc/skin/images/blue_kuai.jpg",
                            "path": "img/blue_kuai.jpg",
                            "saved": true,
                            "size": 1125
                        },
                        {
                            "url": "http://shenzhen7.fangcms.cn/template/default/pc/skin/images/gray_jt.jpg",
                            "path": "img/gray_jt.jpg",
                            "saved": true,
                            "size": 335
                        },
                        {
                            "url": "http://shenzhen7.fangcms.cn/template/default/pc/skin/images/pic_prev.png",
                            "path": "img/pic_prev.png",
                            "saved": true,
                            "size": 963
                        },
                        {
                            "url": "http://shenzhen7.fangcms.cn/template/default/pc/skin/images/pic_next.png",
                            "path": "img/pic_next.png",
                            "saved": true,
                            "size": 968
                        },
                        {
                            "url": "http://shenzhen7.fangcms.cn/template/default/pc/skin/images/xzl_tablebg.png",
                            "path": "img/xzl_tablebg.png",
                            "saved": true,
                            "size": 56572
                        }
                    ]
                },
                {
                    "url": "http://shenzhen7.fangcms.cn/template/default/pc/skin/css/szheader.css",
                    "path": "css/szheader.css",
                    "saved": true,
                    "size": 2657,
                    "children": [
                        {
                            "url": "http://shenzhen7.fangcms.cn/template/default/pc/skin/images/zs_xialabg.jpg",
                            "path": "img/zs_xialabg.jpg",
                            "saved": true,
                            "size": 1662
                        },
                        {
                            "url": "http://shenzhen7.fangcms.cn/template/default/pc/skin/images/zs_topnavlibg1.jpg",
                            "path": "img/zs_topnavlibg1.jpg",
                            "saved": true,
                            "size": 1225
                        }
                    ]
                },
                {
                    "url": "http://shenzhen7.fangcms.cn/template/default/pc/skin/css/newcfpic.css",
                    "path": "css/newcfpic.css",
                    "saved": true,
                    "size": 3690
                },
                {
                    "url": "http://shenzhen7.fangcms.cn/template/default/pc/skin/css/header_index.css?t=1611907628",
                    "path": "css/header_index.css",
                    "saved": true,
                    "size": 5447,
                    "children": []
                },
                {
                    "url": "http://shenzhen7.fangcms.cn/template/default/pc/skin/css/footer_index.css?t=1612143734",
                    "path": "css/footer_index.css",
                    "saved": true,
                    "size": 358
                },
                {
                    "url": "http://shenzhen7.fangcms.cn/favicon.ico",
                    "path": "favicon.ico",
                    "saved": true,
                    "size": 1173
                }
            ]
        }
    ],
    "alias": "shenzhen7-fangcms-cn-wmp1nqwu",
    "info": {
        "remark": [],
        "title": "厂房出租_房产租售网",
        "domain": "shenzhen7.fangcms.cn",
        "origin": "http://shenzhen7.fangcms.cn",
        "ip": "47.243.97.114",
        "main": "index.html",
        "url": "http://shenzhen7.fangcms.cn/changfcz/changfangchuzu.html",
        "totalSize": "1.39 MB",
        "request": {
            "headers": {
                "accept": "text/html,*/*",
                "accept-language": "zh-CN,zh;q=0.9",
                "cache-control": "no-cache",
                "cookie": "",
                "referer": "http://shenzhen7.fangcms.cn/changfcz/changfangchuzu.html",
                "user-agent": "Mozilla/5.0 (Windows NT 10.0; Win64; x64) AppleWebKit/537.36 (KHTML, like Gecko) Chrome/78.0.3904.108 Safari/537.36",
                "x-scraper-website": "https://bazhan.wang/"
            }
        },
        "response": {
            "responseUrl": "http://shenzhen7.fangcms.cn/changfcz/changfangchuzu.html",
            "redirects": [],
            "statusCode": 200,
            "headers": {
                "date": "Mon, 13 Feb 2023 03:49:20 GMT",
                "server": "Apache",
                "expires": "Thu, 19 Nov 1981 08:52:00 GMT",
                "pragma": "no-cache",
                "cache-control": "private",
                "set-cookie": [
                    "subdomain=shenzhen7; path=/; domain=.fangcms.cn",
                    "PHPSESSID=eams4ee97ru1eiooouhb276ro0; path=/; domain=fangcms.cn",
                    "regionInfo=think%3A%7B%22id%22%3A%2256%22%2C%22name%22%3A%22%25E6%25B7%25B1%25E5%259C%25B3%22%2C%22level%22%3A%222%22%2C%22parent_id%22%3A%2219%22%2C%22initial%22%3A%22S%22%2C%22lng%22%3A%22114.064552%22%2C%22lat%22%3A%2222.548457%22%2C%22is_hot%22%3A0%2C%22is_default%22%3A%221%22%2C%22litpic%22%3A%22%22%2C%22domain%22%3A%22shenzhen7%22%2C%22seo_title%22%3A%22%22%2C%22seo_keywords%22%3A%22%22%2C%22seo_description%22%3A%22%22%2C%22web_linkcode%22%3A%22%22%2C%22web_thirdcode_pc%22%3A%22%22%2C%22web_thirdcode_wap%22%3A%22%22%2C%22web_phone%22%3A%22%22%2C%22web_phone_code%22%3A%22%22%2C%22domainurl%22%3A%22http%253A%252F%252Fshenzhen7.fangcms.cn%22%2C%22parent%22%3A%7B%22id%22%3A%2219%22%2C%22name%22%3A%22%25E5%25B9%25BF%25E4%25B8%259C%22%2C%22level%22%3A%221%22%2C%22parent_id%22%3A0%2C%22initial%22%3A%22G%22%2C%22is_default%22%3A0%2C%22domain%22%3A%22guangdong%22%7D%7D; path=/; domain=.fangcms.cn",
                    "regionInfo=think%3A%7B%22id%22%3A%2256%22%2C%22name%22%3A%22%25E6%25B7%25B1%25E5%259C%25B3%22%2C%22level%22%3A%222%22%2C%22parent_id%22%3A%2219%22%2C%22initial%22%3A%22S%22%2C%22lng%22%3A%22114.064552%22%2C%22lat%22%3A%2222.548457%22%2C%22is_hot%22%3A0%2C%22is_default%22%3A%221%22%2C%22litpic%22%3A%22%22%2C%22domain%22%3A%22shenzhen7%22%2C%22seo_title%22%3A%22%22%2C%22seo_keywords%22%3A%22%22%2C%22seo_description%22%3A%22%22%2C%22web_linkcode%22%3A%22%22%2C%22web_thirdcode_pc%22%3A%22%22%2C%22web_thirdcode_wap%22%3A%22%22%2C%22web_phone%22%3A%22%22%2C%22web_phone_code%22%3A%22%22%2C%22domainurl%22%3A%22http%253A%252F%252Fshenzhen7.fangcms.cn%22%2C%22parent%22%3A%7B%22id%22%3A%2219%22%2C%22name%22%3A%22%25E5%25B9%25BF%25E4%25B8%259C%22%2C%22level%22%3A%221%22%2C%22parent_id%22%3A0%2C%22initial%22%3A%22G%22%2C%22is_default%22%3A0%2C%22domain%22%3A%22guangdong%22%7D%7D; path=/; domain=.fangcms.cn"
                ],
                "upgrade": "h2",
                "connection": "Upgrade, close",
                "vary": "Accept-Encoding",
                "transfer-encoding": "chunked",
                "content-type": "text/html; charset=utf-8"
            }
        },
        "time": {
            "start": "2023-02-13T03:49:19.978Z",
            "end": "2023-02-13T03:49:26.890Z"
        }
    },
    "options": {
        "url": "http://shenzhen7.fangcms.cn/changfcz/changfangchuzu.html",
        "referer": "",
        "cookies": "",
        "userAgent": "Mozilla/5.0 (Windows NT 10.0; Win64; x64) AppleWebKit/537.36 (KHTML, like Gecko) Chrome/78.0.3904.108 Safari/537.36",
        "formatter": [],
        "filenameGenerator": "byType"
    }
}